"","CAAGGSQGNLIF","CASSIRSSYEQYF","CAVGGSQGNLIF","CAVNNARLMF","CAVRDSNYQLIW","CAAKEGYSTLTF","CAFKAAGNKLTF","CAGGGSQGNLIF","CVVSDRGSTLGRLYF","CAVMDSNYQLIW","CILDNNNDMRF","CAVLDSNYQLIW","CASSLAPGATNEKLFF","CADRGSTLGRLYF","CASGGSYIPTF","CASSLGETQYF"
"1_A_B_H",0,0,8.05152979066023e-05,4.02576489533011e-05,0,0,0,0,0.000120772946859903,0,0,0,0,0,0,0
"1_A_B_OC",0,0,4.02576489533011e-05,4.02576489533011e-05,8.05152979066023e-05,0,0,0,0.000120772946859903,8.05152979066023e-05,0,4.02576489533011e-05,0,0,0,4.02576489533011e-05
"10_A_B_H",0,0,4.02576489533011e-05,0.000161030595813205,0,0,0,4.02576489533011e-05,0.000161030595813205,0,0,0,0,0,0,4.02576489533011e-05
"10_A_B_OC",0,0,4.02576489533011e-05,0,0,0,0,4.02576489533011e-05,4.02576489533011e-05,0,0,0,0,0,0,0
"11_A_B_H",4.02576489533011e-05,0,0,0,4.02576489533011e-05,0,0,4.02576489533011e-05,0.00036231884057971,4.02576489533011e-05,0,0,0,0,0,8.05152979066023e-05
"11_A_B_OC",0,0,0.000120772946859903,0,0,0,0,4.02576489533011e-05,0,0,0,4.02576489533011e-05,0,0,0,0.000201288244766506
"12_A_B_H",4.02576489533011e-05,0,0,8.05152979066023e-05,0,0,0,4.02576489533011e-05,8.05152979066023e-05,0,0,0,0,0,0,8.05152979066023e-05
"12_A_B_OC",4.02576489533011e-05,0,4.02576489533011e-05,0,0,0,4.02576489533011e-05,4.02576489533011e-05,0,0,4.02576489533011e-05,0,0,0,0,8.05152979066023e-05
"13_A_B_H",0,0,8.05152979066023e-05,0,0,0,0,4.02576489533011e-05,0.000120772946859903,0,0,0,0,0,0,0
"13_A_B_OC",0,0,0.000161030595813205,0,0,0,0.000120772946859903,0.000201288244766506,0,0,0,0,0,0,0,0
"14_A_B_H",0,0,4.02576489533011e-05,4.02576489533011e-05,4.02576489533011e-05,0,4.02576489533011e-05,0,0.000120772946859903,0,0,0,0,0,0,0
"14_A_B_OC",0,0,0,0,0,0,0,0,0,0,0,0,0,0,0,4.02576489533011e-05
"15_A_B_H",4.02576489533011e-05,0,0,4.02576489533011e-05,0,0,4.02576489533011e-05,0,0.00221417069243156,8.05152979066023e-05,0,0,0,0,0,0
"15_A_B_OC",4.02576489533011e-05,0,0,0,0,0,4.02576489533011e-05,8.05152979066023e-05,0,0,0,0,0,0,0,0.000120772946859903
"16_A_B_H",0,0,0,0,0,0,0,4.02576489533011e-05,0,0,0,0,0,0,0,0
"16_A_B_OC",0,0,0,4.02576489533011e-05,0,0,0,0,0,0,0,0,0,0,0,8.05152979066023e-05
"17_A_B_H",0,0,0,4.02576489533011e-05,0,0,8.05152979066023e-05,0,0.000241545893719807,0,0,0,0,0,0,4.02576489533011e-05
"17_A_B_OC",0,0,0.000281803542673108,0,0,0,4.02576489533011e-05,8.05152979066023e-05,4.02576489533011e-05,0,0,0,0,0,0,0.000120772946859903
"18_A_B_H",0,0,0,0,0,0,0,0,0,0,0,0,0,0,0,0
"18_A_B_OC",4.02576489533011e-05,0,4.02576489533011e-05,0,0,0,8.05152979066023e-05,4.02576489533011e-05,0,0,0,0,0,0,0,0
"19_A_B_H",0,0,0,0,0.000201288244766506,0,0,0,0.00036231884057971,0.000442834138486312,0,0.000161030595813205,0,0,0,4.02576489533011e-05
"19_A_B_OC",4.02576489533011e-05,0,0,0,0,0,0,4.02576489533011e-05,0,0,0,0,0,0,0,8.05152979066023e-05
"2_A_B_H",0,0,0,0,0,0,0,0,0,0,0,0,0.0338164251207729,0,0,4.02576489533011e-05
"2_A_B_OC",0,0,4.02576489533011e-05,0,0,0,0,4.02576489533011e-05,4.02576489533011e-05,0,0,0,0,0,0,0.000120772946859903
"20_A_B_H",0,0,0.000241545893719807,4.02576489533011e-05,8.05152979066023e-05,0,0,8.05152979066023e-05,0.000563607085346216,0.000161030595813205,0,0,0,0,0,0
"20_A_B_OC",0,0,0.000161030595813205,0,0,0,4.02576489533011e-05,0,4.02576489533011e-05,0,0,4.02576489533011e-05,0,0,0,8.05152979066023e-05
"21_A_B_OC",0,0,0.000120772946859903,0,0,0,0,0,0.000161030595813205,0,0,0,0,0,0,4.02576489533011e-05
"22_A_B_H",8.05152979066023e-05,0,8.05152979066023e-05,4.02576489533011e-05,0.00100644122383253,0,4.02576489533011e-05,4.02576489533011e-05,0.00036231884057971,0.00140901771336554,0,0.00205314009661836,0,0,0,4.02576489533011e-05
"22_A_B_OC",0,0,0,0,0,0,0,0,0,0,8.05152979066023e-05,0,4.02576489533011e-05,0,0,4.02576489533011e-05
"23_A_B_H",0,0,0.000120772946859903,0,0.000966183574879227,0,0,8.05152979066023e-05,0.00257648953301127,0.00120772946859903,0,0.00072463768115942,0,0,0,8.05152979066023e-05
"23_A_B_OC",8.05152979066023e-05,0,4.02576489533011e-05,8.05152979066023e-05,0,0,0,4.02576489533011e-05,8.05152979066023e-05,0,0,0,0,0,0,4.02576489533011e-05
"24_A_B_H",0,0,8.05152979066023e-05,4.02576489533011e-05,0.000563607085346216,0,0,8.05152979066023e-05,0.00177133655394525,0.000885668276972625,0,0.000201288244766506,0,0,0,0
"25_A_B_H",4.02576489533011e-05,0,4.02576489533011e-05,4.02576489533011e-05,0.000281803542673108,0,4.02576489533011e-05,0.000120772946859903,0.000644122383252818,0.000281803542673108,0,0.000161030595813205,0,0,0,0
"25_A_B_OC",4.02576489533011e-05,0,4.02576489533011e-05,8.05152979066023e-05,0,0,0,0,0,0,0,0,0,0,0,4.02576489533011e-05
"26_A_B_H",0,4.02576489533011e-05,4.02576489533011e-05,0,0.000241545893719807,0,0,0,4.02576489533011e-05,4.02576489533011e-05,0,4.02576489533011e-05,4.02576489533011e-05,0,0,0
"26_A_B_OC",0,0,4.02576489533011e-05,0,0,0,0,0,0,0,0,0,0,0,0,0.000120772946859903
"27_A_B_H",4.02576489533011e-05,0,0,4.02576489533011e-05,0.000845410628019324,0,0,0,0.000523349436392915,0.00169082125603865,0,0.000161030595813205,0,4.02576489533011e-05,0,0
"28_A_B_H",0,0,8.05152979066023e-05,4.02576489533011e-05,0.000120772946859903,0,0,4.02576489533011e-05,0.000201288244766506,0.000201288244766506,0,4.02576489533011e-05,0,0,0,4.02576489533011e-05
"28_A_B_OC",0,0,4.02576489533011e-05,0,4.02576489533011e-05,0,0,0,0.000161030595813205,0,0,4.02576489533011e-05,0,0,0,0.000281803542673108
"29_A_B_H",0,0,0.000120772946859903,0.000120772946859903,0.000603864734299517,0,0,0,0.000805152979066023,0.0036231884057971,0,0.00112721417069243,0,0.000120772946859903,4.02576489533011e-05,0
"29_A_B_OC",0,0,0,0,4.02576489533011e-05,0,0,0,0,0,0,0,0,0,0,0
"3_A_B_H",0,0,0,4.02576489533011e-05,0,0,0,4.02576489533011e-05,0.000120772946859903,0,0,0,0,0,0,0.000201288244766506
"3_A_B_OC",0,0,0,0,0,0,0,0,0,0,0,0,0,0,0,4.02576489533011e-05
"30_A_B_H",4.02576489533011e-05,0,0.000120772946859903,0,0.00100644122383253,0,4.02576489533011e-05,0.000161030595813205,0.00293880837359098,0.000764895330112721,0,0.00036231884057971,0,4.02576489533011e-05,4.02576489533011e-05,4.02576489533011e-05
"31_A_B_H",0,0,0.000201288244766506,8.05152979066023e-05,0.00314009661835749,0,0,0,0.000764895330112721,0.00334138486312399,0,0.00104669887278583,0,0,0,0
"32_A_B_H",0,0,0,4.02576489533011e-05,0.00265700483091787,0,8.05152979066023e-05,0,0.00177133655394525,0.00430756843800322,0,0.00072463768115942,0,0,0,0.000120772946859903
"32_A_B_OC",0.000120772946859903,0,4.02576489533011e-05,0,0,0,4.02576489533011e-05,0,0.000241545893719807,0,0,0,0,0,0,4.02576489533011e-05
"33_A_B_H",0.000161030595813205,0,0.000120772946859903,0.000120772946859903,0.00193236714975845,0,0,0,0.0274154589371981,0.00334138486312399,0,0.00161030595813205,0,0,0,0
"34_A_B_H",0,0,0,0,0.00422705314009662,0,0,0,0.00189210950080515,0.00434782608695652,0,0.000925925925925926,0,0,0,0
"35_A_B_H",0.000442834138486312,0.00116747181964573,0,0.000120772946859903,0.000805152979066023,0,0,0.000603864734299517,0.00422705314009662,0.000442834138486312,0,0.000281803542673108,0,4.02576489533011e-05,4.02576489533011e-05,8.05152979066023e-05
"36_A_B_H",0,0,0.000120772946859903,4.02576489533011e-05,0.00128824476650564,0,0.000120772946859903,0,0.00181159420289855,0.00108695652173913,0,0.000161030595813205,0,4.02576489533011e-05,0,0
"36_A_B_OC",4.02576489533011e-05,0,4.02576489533011e-05,0,0,0,0,0,0,0,0,0,0,0,0,4.02576489533011e-05
"37_A_B_H",0,0,0,0,0.000925925925925926,0,0,0,0.000120772946859903,0.00072463768115942,0,0.000241545893719807,0,0,0,0.000161030595813205
"37_A_B_OC",0,0,0,0,0,0,0,4.02576489533011e-05,0,0,0,0,0,0,0,0.000120772946859903
"38_A_B_H",8.05152979066023e-05,0,0.000161030595813205,0.000120772946859903,0.000322061191626409,0,0,0,0.000322061191626409,8.05152979066023e-05,0,0,0,0,0,0
"38_A_B_OC",0,0,0,0,0,0,0,8.05152979066023e-05,0,0,0,0,0,0,0,0.000161030595813205
"39_A_B_H",4.02576489533011e-05,0,4.02576489533011e-05,0,0.000120772946859903,0,0,0,8.05152979066023e-05,4.02576489533011e-05,0,4.02576489533011e-05,0,0,0,0
"39_A_B_OC",8.05152979066023e-05,0,8.05152979066023e-05,0,0,0,0,0,4.02576489533011e-05,0,0,0,0,0,0,4.02576489533011e-05
"4_A_B_H",0,0,4.02576489533011e-05,0,0,0,0,0,0.000281803542673108,0,0,0,0,0,0,4.02576489533011e-05
"4_A_B_OC",0,0,8.05152979066023e-05,0,0,0,4.02576489533011e-05,4.02576489533011e-05,0,0,0.000241545893719807,0,0.000805152979066023,0,0,0.00104669887278583
"40_A_B_H",0.000120772946859903,0,0.000201288244766506,4.02576489533011e-05,0.00390499194847021,0,0,4.02576489533011e-05,0.00108695652173913,0.00507246376811594,0,0.000603864734299517,0,0,0,0
"40_A_B_OC",0,0,8.05152979066023e-05,0,0,0,0,4.02576489533011e-05,0,0,0,0,0,0,0,0.000120772946859903
"41_A_B_H",0,0,0,4.02576489533011e-05,0.000845410628019324,0,0.000201288244766506,0,0.00169082125603865,0.00100644122383253,0,0.000442834138486312,0,0,0,8.05152979066023e-05
"41_A_B_OC",0,0,0,4.02576489533011e-05,0,0,0,4.02576489533011e-05,4.02576489533011e-05,4.02576489533011e-05,0,0,0,0,0,8.05152979066023e-05
"42_A_B_H",0,0,0.000161030595813205,4.02576489533011e-05,0.000563607085346216,4.02576489533011e-05,8.05152979066023e-05,0.000120772946859903,0.000161030595813205,0.00036231884057971,4.02576489533011e-05,0.000120772946859903,0,0,0,8.05152979066023e-05
"43_A_B_H",0,0,0.000161030595813205,0,0.00265700483091787,0,0,8.05152979066023e-05,0.00241545893719807,0.00314009661835749,0,0.00148953301127214,0,0,0.000120772946859903,4.02576489533011e-05
"44_A_B_H",0,0,0.000161030595813205,8.05152979066023e-05,0.000201288244766506,0,4.02576489533011e-05,0,8.05152979066023e-05,0.000442834138486312,0,0.000201288244766506,0,0,4.02576489533011e-05,0.000120772946859903
"45_A_B_H",0,0,8.05152979066023e-05,0,0.000483091787439614,0,0,0,0.000845410628019324,0.00221417069243156,0,0.000845410628019324,0,0,0,8.05152979066023e-05
"45_A_B_OC",4.02576489533011e-05,0,0,4.02576489533011e-05,0,0,0,0,0,0,0,0,0,0,0,8.05152979066023e-05
"46_A_B_H",4.02576489533011e-05,0,8.05152979066023e-05,0,0.00382447665056361,0,0,4.02576489533011e-05,0.0035829307568438,0.00233494363929147,0,0.00108695652173913,0,0,0,4.02576489533011e-05
"47_A_B_H",8.05152979066023e-05,0,4.02576489533011e-05,0,0.00209339774557166,0,0,4.02576489533011e-05,0.00326086956521739,0.00197262479871176,0,0.00205314009661836,0,0,0,4.02576489533011e-05
"48_A_B_H",4.02576489533011e-05,0,0.000161030595813205,0,0.000925925925925926,0,0,0,0.000925925925925926,0.00112721417069243,0,0.000281803542673108,0,0,0,0
"5_A_B_H",0,0,0,0,0,0,0,0,0,0,0,0,0,0,0,0.000161030595813205
"5_A_B_OC",4.02576489533011e-05,0,8.05152979066023e-05,4.02576489533011e-05,4.02576489533011e-05,0,0,0,0,4.02576489533011e-05,0,0,0,0,0,0.000563607085346216
"50_A_B_H",4.02576489533011e-05,0,4.02576489533011e-05,8.05152979066023e-05,0.000603864734299517,0,0,8.05152979066023e-05,0.00177133655394525,0.00124798711755233,0,0.00116747181964573,0,0,0,0
"51_A_B_H",0,0,0.000120772946859903,0,0.00152979066022544,0,8.05152979066023e-05,4.02576489533011e-05,0.00261674718196457,0.00189210950080515,0,0.000885668276972625,0,0,0,4.02576489533011e-05
"6_A_B_H",0,4.02576489533011e-05,0,4.02576489533011e-05,8.05152979066023e-05,0,0,0,0.000322061191626409,0,0,0,0,0,0,4.02576489533011e-05
"6_A_B_OC",0,0,4.02576489533011e-05,0,0,0,0,4.02576489533011e-05,4.02576489533011e-05,0,0,0,0,0,0,0
"7_A_B_H",0,0,0.000120772946859903,4.02576489533011e-05,0,0,4.02576489533011e-05,0,0.000483091787439614,0,0,0,0,0,0,8.05152979066023e-05
"7_A_B_OC",4.02576489533011e-05,0,4.02576489533011e-05,4.02576489533011e-05,0,0,0,0,0,0,0,0,0,0,0,4.02576489533011e-05
"8_A_B_H",0,0,0,0,0,0,0,0,0.000241545893719807,0,0,0,0,0,0,4.02576489533011e-05
"9_A_B_H",4.02576489533011e-05,0,0.000201288244766506,8.05152979066023e-05,0,0,0,0,0,0,0.000161030595813205,4.02576489533011e-05,0.000322061191626409,0,0,8.05152979066023e-05
"9_A_B_OC",0,0,4.02576489533011e-05,0,0,0,0,8.05152979066023e-05,4.02576489533011e-05,0,0,0,0,0,0,0
